"year","date","site","pair","plot","castilleja","total_cover","plant_cover","bare","div","rich","even","species"
2023,"7/25/23","Avery",1,1,"Castilleja",1.1,0.95,0.15,1.66873480682681,7,0.857560051083005,"C. septentrionalis"
2023,"7/25/23","Avery",1,2,"Control",1.04,0.54,0.5,1.58405176045945,7,0.814041573927997,"C. septentrionalis"
2023,"7/25/23","Avery",2,3,"Castilleja",1.06,0.85,0.2,1.37559656147207,5,0.854706199502677,"C. septentrionalis"
2023,"7/25/23","Avery",2,4,"Control",1.12,0.84,0.25,1.44636550875476,6,0.80723196031323,"C. septentrionalis"
2023,"7/26/23","Avery",3,5,"Castilleja",1.005,0.675,0.33,1.39873845871266,5,0.869085068710246,"C. septentrionalis"
2023,"7/26/23","Avery",3,6,"Control",1.09,0.69,0.4,1.47135991583092,7,0.756129421774806,"C. septentrionalis"
2023,"7/26/23","Avery",4,7,"Castilleja",1.075,0.875,0.2,1.6213011780667,7,0.833183987890603,"C. septentrionalis"
2023,"7/26/23","Avery",4,8,"Control",1.11,0.86,0.25,1.55121336503388,5,0.963823054651324,"C. septentrionalis"
2023,"7/26/23","Avery",5,9,"Castilleja",1.115,0.665,0.45,1.03889740835031,5,0.645503253231493,"C. septentrionalis"
2023,"7/26/23","Avery",5,10,"Control",1.005,0.355,0.65,1.03925170330881,4,0.749661639299517,"C. septentrionalis"
2023,"7/26/23","Avery",6,11,"Castilleja",1.21,0.86,0.3,1.39624513283157,6,0.779259245903755,"C. septentrionalis"
2023,"7/26/23","Avery",6,12,"Control",1.2,0.8,0.3,1.5293391180588,6,0.853540413389129,"C. septentrionalis"
2023,"7/26/23","Avery",7,13,"Castilleja",1.21,0.58,0.6,1.47213599415519,6,0.821614742066597,"C. septentrionalis"
2023,"7/26/23","Avery",7,14,"Control",1.09,0.59,0.45,1.6636317575452,6,0.928490562554103,"C. septentrionalis"
2023,"7/27/23","Avery",8,15,"Castilleja",1.03,0.73,0.3,1.40714601977174,7,0.72313000703289,"C. septentrionalis"
2023,"7/27/23","Avery",8,16,"Control",1.06,0.31,0.75,1.15727508345053,4,0.834797511919221,"C. septentrionalis"
2023,"7/27/23","Avery",9,17,"Castilleja",1.025,0.625,0.4,1.35704032769409,6,0.757378627544656,"C. septentrionalis"
2023,"7/27/23","Avery",9,18,"Control",1.01,0.86,0.15,1.56359012495089,7,0.803526373357972,"C. septentrionalis"
2023,"7/27/23","Avery",10,19,"Castilleja",1.2,0.61,0.55,2.06276810915054,9,0.938806224191847,"C. septentrionalis"
2023,"7/27/23","Avery",10,20,"Control",1.21,0.51,0.7,1.63742204806482,6,0.913862645174285,"C. septentrionalis"
2023,"7/27/23","Avery",11,21,"Castilleja",1.43,0.88,0.55,1.7038502794628,6,0.950936947020499,"C. septentrionalis"
2023,"7/27/23","Avery",11,22,"Control",1.08,0.73,0.35,1.53539788466739,7,0.789038427808595,"C. septentrionalis"
2023,"7/27/23","Avery",12,23,"Castilleja",1.16,0.81,0.35,1.51293330929512,7,0.777493919762743,"C. septentrionalis"
2023,"7/27/23","Avery",12,24,"Control",1.16,0.96,0.2,1.41518982742204,7,0.727263706450721,"C. septentrionalis"
2023,"7/28/23","Avery",13,25,"Castilleja",1.035,0.585,0.45,1.46508337585343,7,0.752903918284555,"C. septentrionalis"
2023,"7/28/23","Avery",13,26,"Control",1.19,0.57,0.6,1.69900745323772,8,0.817049875739817,"C. septentrionalis"
2023,"7/28/23","Avery",14,27,"Castilleja",1.02,0.83,0.15,1.66514302736734,7,0.855714241572622,"C. septentrionalis"
2023,"7/28/23","Avery",14,28,"Control",1.135,0.485,0.65,1.2730996187006,5,0.791021268273202,"C. septentrionalis"
2023,"7/28/23","Avery",15,29,"Castilleja",1.18,0.68,0.5,1.84161626827863,8,0.885630219155337,"C. septentrionalis"
2023,"7/28/23","Avery",15,30,"Control",1.055,0.505,0.55,1.39573741457557,6,0.77897588294979,"C. septentrionalis"
2023,"7/28/23","Avery",16,31,"Castilleja",1.02,0.82,0.15,1.54294625556285,7,0.792917523099363,"C. septentrionalis"
2023,"7/28/23","Avery",16,32,"Control",1.07,0.45,0.6,1.28260649332321,5,0.79692822159471,"C. septentrionalis"
2023,"7/28/23","Avery",17,33,"Castilleja",1.11,0.76,0.3,1.65737804261012,8,0.797030360983958,"C. septentrionalis"
2023,"7/28/23","Avery",17,34,"Control",1.14,0.66,0.4,1.62183066294799,7,0.833456089293408,"C. septentrionalis"
2023,"7/28/23","Avery",18,35,"Castilleja",1.025,0.625,0.4,1.09519594808771,5,0.680483502735031,"C. septentrionalis"
2023,"7/28/23","Avery",18,36,"Control",1,0.51,0.45,1.6546984846522,7,0.850346808384503,"C. septentrionalis"
2023,"7/28/23","Avery",19,37,"Castilleja",1.01,0.66,0.35,1.50272368489547,6,0.838686057310407,"C. septentrionalis"
2023,"7/28/23","Avery",19,38,"Control",1,0.41,0.59,1.54981277285642,6,0.864966977696022,"C. septentrionalis"
2023,"7/28/23","Avery",20,39,"Castilleja",1.15,0.95,0.2,0.993648111687675,5,0.617388284450743,"C. septentrionalis"
2023,"7/28/23","Avery",20,40,"Control",1.005,0.705,0.3,1.13474741096294,5,0.705058208332349,"C. septentrionalis"
2024,"10-Jul","Avery",21,41,"Castilleja",1.11,0.86,0.25,1.92509388098272,8,0.925774465113152,"C. septentrionalis"
2024,"10-Jul","Avery",21,42,"Control",1.39,1.29,0.1,1.78124181063602,12,0.716824437162653,"C. septentrionalis"
2024,"10-Jul","Avery",22,43,"Castilleja",1.22,1.17,0.05,1.51233889313954,8,0.727281273758641,"C. septentrionalis"
2024,"10-Jul","Avery",22,44,"Control",1.02,0.92,0.1,1.21982088085146,7,0.626863928657577,"C. septentrionalis"
2024,"10-Jul","Avery",23,45,"Castilleja",1.055,1.005,0.05,1.43196982219664,12,0.576267049033332,"C. septentrionalis"
2024,"10-Jul","Avery",23,46,"Control",1.045,0.895,0.15,0.737877108920608,9,0.33582234448477,"C. septentrionalis"
2024,"10-Jul","Avery",24,47,"Castilleja",1.24,1.14,0.1,0.998748488732122,8,0.48029649726306,"C. septentrionalis"
2024,"10-Jul","Avery",24,48,"Control",1,0.75,0.25,1.73698905077539,10,0.754364759878119,"C. septentrionalis"
2024,"10-Jul","Avery",25,49,"Castilleja",1.35,1.3,0.05,1.21026958248337,10,0.52561340128788,"C. septentrionalis"
2024,"10-Jul","Avery",25,50,"Control",1.065,0.965,0.1,1.53306854991187,8,0.737250131433564,"C. septentrionalis"
2024,"10-Jul","Avery",26,51,"Castilleja",1,0.84,0.16,1.5342723805965,7,0.788460033132235,"C. septentrionalis"
2024,"10-Jul","Avery",26,52,"Control",1.3,1.22,0.08,1.0874960739583,9,0.494940792659761,"C. septentrionalis"
2024,"10-Jul","Avery",27,53,"Castilleja",1.345,1.265,0.08,1.0823688690741,9,0.492607301155489,"C. septentrionalis"
2024,"10-Jul","Avery",27,54,"Control",1.245,1.195,0.05,1.579362779849,10,0.6859085402118,"C. septentrionalis"
2024,"10-Jul","Avery",28,55,"Castilleja",1.4,1.4,0,1.58368684054352,9,0.720766942477715,"C. septentrionalis"
2024,"10-Jul","Avery",28,56,"Control",1,0.94,0.06,1.35330779906808,7,0.695462634657143,"C. septentrionalis"
2024,"7/11/24","Avery",29,57,"Castilleja",1.34,1.34,0,1.61245945302343,10,0.700282242740812,"C. septentrionalis"
2024,"7/11/24","Avery",29,58,"Control",1.11,1.06,0.05,1.62978291997204,8,0.783759912123064,"C. septentrionalis"
2024,"7/11/24","Avery",30,59,"Castilleja",1.2,1.2,0,1.63425627781174,10,0.709748483469387,"C. septentrionalis"
2024,"7/11/24","Avery",30,60,"Control",1.1,1.1,0,1.65693369674386,8,0.796816675791395,"C. septentrionalis"
2024,"7/11/24","Avery",31,61,"Castilleja",1.34,1.29,0.05,1.59705973574984,10,0.693594230506019,"C. septentrionalis"
2024,"7/11/24","Avery",31,62,"Control",1,0.78,0.22,1.98779776623603,10,0.863289601015917,"C. septentrionalis"
2024,"7/11/24","Avery",32,63,"Castilleja",1.355,1.325,0.03,1.77883417661402,13,0.693516295532045,"C. septentrionalis"
2024,"7/11/24","Avery",32,64,"Control",1.11,0.96,0.15,1.82893178173837,10,0.794294980586455,"C. septentrionalis"
2024,"7/11/24","Avery",33,65,"Castilleja",1.13,1.03,0.1,1.95269566029765,10,0.848044950103695,"C. septentrionalis"
2024,"7/11/24","Avery",33,66,"Control",1,0.76,0.24,1.55246577595719,8,0.746578225374427,"C. septentrionalis"
2024,"7/11/24","Avery",34,67,"Castilleja",1.19,1.11,0.08,1.25284779647067,8,0.602492434318968,"C. septentrionalis"
2024,"7/11/24","Avery",34,68,"Control",1.055,0.955,0.1,1.28038711478638,9,0.58272928857306,"C. septentrionalis"
2024,"7/11/24","Avery",35,69,"Castilleja",1.06,0.86,0.2,1.64553266442341,9,0.748914189926983,"C. septentrionalis"
2024,"7/11/24","Avery",35,70,"Control",1.22,1.02,0.2,1.90982508633957,11,0.796458922958207,"C. septentrionalis"
2024,"7/11/24","Avery",36,71,"Castilleja",1.12,1.02,0.1,2.02357509658687,12,0.814346525556409,"C. septentrionalis"
2024,"7/11/24","Avery",36,72,"Control",1,0.65,0.35,1.15495481870735,5,0.717613776700841,"C. septentrionalis"
2024,"7/11/24","Avery",37,73,"Castilleja",1.25,1.05,0.2,0.936920590863145,8,0.450563563381673,"C. septentrionalis"
2024,"7/11/24","Avery",37,74,"Control",1.22,1.18,0.04,1.21158994340038,8,0.582651600978222,"C. septentrionalis"
2024,"7/11/24","Avery",38,75,"Castilleja",1.22,0.97,0.25,1.644744052737,9,0.748555277281207,"C. septentrionalis"
2024,"7/11/24","Avery",38,76,"Control",1.15,0.97,0.18,1.72384190747894,9,0.78455426234528,"C. septentrionalis"
2024,"7/11/24","Avery",39,77,"Castilleja",1.39,1.36,0.03,1.46910677827471,10,0.638024967131371,"C. septentrionalis"
2024,"7/11/24","Avery",39,78,"Control",1.35,1.25,0.1,1.19099315417662,10,0.517241754843455,"C. septentrionalis"
2024,"7/11/24","Avery",40,79,"Castilleja",1.185,1.105,0.08,0.843380278946907,7,0.433411727338154,"C. septentrionalis"
2024,"7/11/24","Avery",40,80,"Control",1.11,0.91,0.2,1.0682990839693,7,0.548997128406944,"C. septentrionalis"
2024,"18-Jul","Copper Creek",41,81,"Castilleja",1.055,0.655,0.4,2.32913200137585,15,0.860077113942668,"C. septentrionalis"
2024,"18-Jul","Copper Creek",41,82,"Control",1.005,0.605,0.4,2.3973539350064,17,0.846160752431791,"C. septentrionalis"
2024,"18-Jul","Copper Creek",42,83,"Castilleja",1.046,0.746,0.3,2.05489705939456,14,0.778648131791112,"C. septentrionalis"
2024,"18-Jul","Copper Creek",42,84,"Control",1.04,0.64,0.4,2.55044454261197,16,0.919878423422154,"C. septentrionalis"
2024,"18-Jul","Copper Creek",43,85,"Castilleja",1.055,0.705,0.35,2.07318959959305,13,0.808277010835345,"C. septentrionalis"
2024,"18-Jul","Copper Creek",43,86,"Control",1.195,0.645,0.55,2.13298895869712,11,0.889525486326974,"C. septentrionalis"
2024,"18-Jul","Copper Creek",44,87,"Castilleja",1.105,0.655,0.45,2.23873805933576,13,0.872819594984666,"C. septentrionalis"
2024,"18-Jul","Copper Creek",44,88,"Control",1.01,0.51,0.5,1.93358093756422,10,0.839743531497459,"C. septentrionalis"
2024,"18-Jul","Copper Creek",45,89,"Castilleja",1.06,0.66,0.4,2.48608156545298,15,0.91803378107286,"C. septentrionalis"
2024,"18-Jul","Copper Creek",45,90,"Control",1.12,0.72,0.4,2.23915254737622,13,0.872981191953145,"C. septentrionalis"
2024,"18-Jul","Copper Creek",46,91,"Castilleja",1.2,0.85,0.35,2.40677845208233,18,0.832688198501556,"C. septentrionalis"
2024,"18-Jul","Copper Creek",46,92,"Control",1.235,1.035,0.2,2.41205573944758,19,0.819190262224562,"C. septentrionalis"
2024,"18-Jul","Copper Creek",47,93,"Castilleja",1.115,0.815,0.3,2.29581770959621,14,0.869938551100331,"C. septentrionalis"
2024,"18-Jul","Copper Creek",47,94,"Control",1.015,0.765,0.25,1.98311618129461,12,0.798064660281624,"C. septentrionalis"
2024,"18-Jul","Copper Creek",48,95,"Castilleja",1.15,0.95,0.2,2.49377692370227,19,0.846944678204283,"C. septentrionalis"
2024,"18-Jul","Copper Creek",48,96,"Control",1,0.8,0.2,2.19637588474243,15,0.811054345982387,"C. septentrionalis"
2024,"22-Jul","Copper Creek",49,97,"Castilleja",1,0.6,0.4,2.34793166521999,14,0.889685736975745,"C. septentrionalis"
2024,"22-Jul","Copper Creek",49,98,"Control",1.095,0.645,0.45,2.43713737743543,14,0.923487849273337,"C. septentrionalis"
2024,"22-Jul","Copper Creek",50,99,"Castilleja",1.07,0.77,0.3,2.27969985750335,13,0.888789422243996,"C. septentrionalis"
2024,"22-Jul","Copper Creek",50,100,"Control",1,0.59,0.41,2.58509097041597,15,0.954594921971462,"C. septentrionalis"
2024,"22-Jul","Copper Creek",51,101,"Castilleja",1.04,0.69,0.35,2.1878063232127,11,0.91238610294248,"C. septentrionalis"
2024,"22-Jul","Copper Creek",51,102,"Control",1.01,0.41,0.6,1.76926063417108,8,0.850834514319558,"C. septentrionalis"
2024,"22-Jul","Copper Creek",52,103,"Castilleja",1.28,0.98,0.3,1.98491029077742,10,0.862035586357612,"C. septentrionalis"
2024,"22-Jul","Copper Creek",52,104,"Control",1.015,0.615,0.4,1.8409415699356,12,0.740849387679274,"C. septentrionalis"
2024,"22-Jul","Copper Creek",53,105,"Castilleja",1.17,0.62,0.55,2.1372361802551,13,0.833246930992145,"C. septentrionalis"
2024,"22-Jul","Copper Creek",53,106,"Control",1.175,0.525,0.65,2.00756488934373,12,0.807903544189478,"C. septentrionalis"
2024,"22-Jul","Copper Creek",54,107,"Castilleja",1.02,0.67,0.35,2.18994531769196,13,0.853796708040773,"C. septentrionalis"
2024,"22-Jul","Copper Creek",54,108,"Control",1.14,0.59,0.55,1.86303089687117,9,0.847901901374959,"C. septentrionalis"
2024,"22-Jul","Copper Creek",55,109,"Castilleja",1.04,0.64,0.4,1.84299947752973,9,0.838785209550163,"C. septentrionalis"
2024,"22-Jul","Copper Creek",55,110,"Control",1.14,0.69,0.45,1.99877267935057,10,0.868055945220928,"C. septentrionalis"
2024,"22-Jul","Copper Creek",56,111,"Castilleja",1.09,0.74,0.35,2.36268334014095,13,0.921142295955205,"C. septentrionalis"
2024,"22-Jul","Copper Creek",56,112,"Control",1.17,0.82,0.35,2.21362049120276,13,0.86302697741897,"C. septentrionalis"
2024,"7/23/24","Copper Creek",57,113,"Castilleja",1.23,0.98,0.25,2.1009225745828,11,0.876152765475448,"C. septentrionalis"
2024,"7/23/24","Copper Creek",57,114,"Control",1.12,0.57,0.55,2.34513674774249,12,0.943752453615336,"C. septentrionalis"
2024,"7/23/24","Copper Creek",58,115,"Castilleja",1.105,0.855,0.25,2.13667834336921,12,0.859862620413326,"C. septentrionalis"
2024,"7/23/24","Copper Creek",58,116,"Control",1.08,0.68,0.4,2.07314744064188,12,0.834295904362744,"C. septentrionalis"
2024,"7/23/24","Copper Creek",59,117,"Castilleja",1.03,0.43,0.6,2.05505088743306,10,0.892497260442559,"C. septentrionalis"
2024,"7/23/24","Copper Creek",59,118,"Control",1.095,0.395,0.7,2.08366989016292,10,0.904926335405713,"C. septentrionalis"
2024,"7/23/24","Copper Creek",60,119,"Castilleja",1.02,0.77,0.25,2.38969221105586,13,0.931672278091633,"C. septentrionalis"
2024,"7/23/24","Copper Creek",60,120,"Control",1.005,0.505,0.5,1.95303777296416,11,0.814480013001129,"C. septentrionalis"
2023,"7/31/23","Emerald Lake",61,121,"Castilleja",1.05,0.85,0.2,1.83565767802502,7,0.943341437895361,"C. septentrionalis"
2023,"7/31/23","Emerald Lake",61,122,"Control",1.02,0.87,0.15,1.99049817389147,10,0.864462373159566,"C. septentrionalis"
2023,"7/31/23","Emerald Lake",62,123,"Castilleja",1.26,0.71,0.55,2.32365007913919,12,0.935105582069828,"C. septentrionalis"
2023,"7/31/23","Emerald Lake",62,124,"Control",1.165,0.665,0.5,2.07465494033163,12,0.834902566866497,"C. septentrionalis"
2023,"7/31/23","Emerald Lake",63,125,"Castilleja",1.225,0.625,0.6,2.053020368277,11,0.856175993825243,"C. septentrionalis"
2023,"7/31/23","Emerald Lake",63,126,"Control",1.365,0.665,0.7,2.21950366614376,12,0.893193982290287,"C. septentrionalis"
2023,"7/31/23","Emerald Lake",64,127,"Castilleja",1.11,0.76,0.35,2.04984192430516,11,0.85485047973466,"C. septentrionalis"
2023,"7/31/23","Emerald Lake",64,128,"Control",1.05,0.75,0.3,2.01978258921169,10,0.8771804331389,"C. septentrionalis"
2023,"8/1/23","Emerald Lake",65,129,"Castilleja",1.15,0.75,0.4,2.00631419301794,10,0.871331182991865,"C. septentrionalis"
2023,"8/1/23","Emerald Lake",65,130,"Control",1.28,0.88,0.4,2.12359812015555,11,0.885609202472503,"C. septentrionalis"
2023,"8/1/23","Emerald Lake",66,131,"Castilleja",1.07,0.72,0.35,2.35445366186461,13,0.91793378103759,"C. septentrionalis"
2023,"8/1/23","Emerald Lake",66,132,"Control",1.035,0.535,0.5,2.06247980077536,11,0.860120883581551,"C. septentrionalis"
2023,"8/1/23","Emerald Lake",67,133,"Castilleja",1.01,0.51,0.5,2.05435630437337,10,0.892195606852512,"C. septentrionalis"
2023,"8/1/23","Emerald Lake",67,134,"Control",1.08,0.53,0.55,1.67367062333116,9,0.761720326904506,"C. septentrionalis"
2023,"8/1/23","Emerald Lake",68,135,"Castilleja",1.05,0.75,0.3,2.16443216014089,12,0.871031577916841,"C. septentrionalis"
2023,"8/1/23","Emerald Lake",68,136,"Control",1.175,0.625,0.55,1.88553594063451,9,0.858144388190132,"C. septentrionalis"
2023,"8/1/23","Emerald Lake",69,137,"Castilleja",1.17,0.62,0.55,2.08618168123626,10,0.906017192408558,"C. septentrionalis"
2023,"8/1/23","Emerald Lake",69,138,"Control",1.07,0.47,0.6,1.8470607955162,8,0.888248483303883,"C. septentrionalis"
2023,"8/1/23","Emerald Lake",70,139,"Castilleja",1.01,0.66,0.35,1.85493474152616,8,0.892035050924148,"C. septentrionalis"
2023,"8/1/23","Emerald Lake",70,140,"Control",1.2,0.7,0.5,1.48859750013946,7,0.764987787777421,"C. septentrionalis"
2023,"8/1/23","Emerald Lake",71,141,"Castilleja",1.14,0.49,0.65,1.69565010408563,7,0.871391777728698,"C. septentrionalis"
2023,"8/1/23","Emerald Lake",71,142,"Control",1.01,0.61,0.4,1.55627017681279,7,0.799764664143574,"C. septentrionalis"
2023,"8/1/23","Emerald Lake",72,143,"Castilleja",1.12,0.37,0.75,1.58114981481863,6,0.882456513819816,"C. septentrionalis"
2023,"8/1/23","Emerald Lake",72,144,"Control",1.09,0.29,0.8,1.4127537333486,5,0.877793248458997,"C. septentrionalis"
2023,"8/3/23","Emerald Lake",73,145,"Castilleja",1.11,0.76,0.35,2.10575198239044,10,0.914516466209002,"C. septentrionalis"
2023,"8/3/23","Emerald Lake",73,146,"Control",1.29,0.54,0.75,2.08940858991682,10,0.907418621042131,"C. septentrionalis"
2023,"8/3/23","Emerald Lake",74,147,"Castilleja",1.15,0.85,0.3,2.37943281628585,14,0.901622253364516,"C. septentrionalis"
2023,"8/3/23","Emerald Lake",74,148,"Control",1,0.69,0.31,2.10647809085329,10,0.91483181110768,"C. septentrionalis"
2023,"8/3/23","Emerald Lake",75,149,"Castilleja",1.245,0.745,0.5,2.31010296937527,12,0.929653824047013,"C. septentrionalis"
2023,"8/3/23","Emerald Lake",75,150,"Control",1.11,0.61,0.5,1.86472347915496,9,0.848672228769457,"C. septentrionalis"
2023,"8/3/23","Emerald Lake",76,151,"Castilleja",1.06,0.56,0.5,1.93268875366755,8,0.929426826832683,"C. septentrionalis"
2023,"8/3/23","Emerald Lake",76,152,"Control",1,0.64,0.36,1.83754145333748,9,0.836301155690331,"C. septentrionalis"
2023,"8/3/23","Emerald Lake",77,153,"Castilleja",1.03,0.78,0.25,1.82916197615938,9,0.832487491277268,"C. septentrionalis"
2023,"8/3/23","Emerald Lake",77,154,"Control",1,0.53,0.47,1.60978663974278,7,0.827266685732787,"C. septentrionalis"
2023,"8/3/23","Emerald Lake",78,155,"Castilleja",1.075,0.525,0.55,1.6897572679399,8,0.812601476920992,"C. septentrionalis"
2023,"8/3/23","Emerald Lake",78,156,"Control",1.07,0.32,0.75,1.50675983425849,5,0.93620252301605,"C. septentrionalis"
2023,"8/3/23","Emerald Lake",79,157,"Castilleja",1.06,0.71,0.35,2.25780460516343,11,0.941577653859983,"C. septentrionalis"
2023,"8/3/23","Emerald Lake",79,158,"Control",1,0.6,0.4,2.07724746286399,10,0.90213711066936,"C. septentrionalis"
2023,"8/3/23","Emerald Lake",80,159,"Castilleja",1.15,0.65,0.5,2.0678304089206,10,0.898047336105959,"C. septentrionalis"
2023,"8/3/23","Emerald Lake",80,160,"Control",1.035,0.485,0.55,1.81414849567356,8,0.872421012714805,"C. septentrionalis"
2024,"7/25/24","Emerald Lake",81,161,"Castilleja",1.33,1.29,0.04,2.08581029586386,13,0.813197457406385,"C. septentrionalis"
2024,"7/25/24","Emerald Lake",81,162,"Control",1,0.97,0.03,2.18074552513257,13,0.850209973459591,"C. septentrionalis"
2024,"7/25/24","Emerald Lake",82,163,"Castilleja",1.11,0.81,0.3,2.30039008294013,14,0.871671129355684,"C. septentrionalis"
2024,"7/25/24","Emerald Lake",82,164,"Control",1.1,0.85,0.25,2.29285186328771,13,0.893917011116697,"C. septentrionalis"
2024,"7/25/24","Emerald Lake",83,165,"Castilleja",1,0.65,0.35,2.36579753401172,13,0.922356430597556,"C. septentrionalis"
2024,"7/25/24","Emerald Lake",83,166,"Control",1.005,0.695,0.31,2.4254481560592,15,0.895643719998991,"C. septentrionalis"
2024,"7/25/24","Emerald Lake",84,167,"Castilleja",1.01,0.89,0.12,2.09834961406971,14,0.795113312061174,"C. septentrionalis"
2024,"7/25/24","Emerald Lake",84,168,"Control",1.151,1.051,0.1,2.43533725846967,17,0.859567199052889,"C. septentrionalis"
2024,"7/25/24","Emerald Lake",85,169,"Castilleja",1.23,0.93,0.3,2.24637004600088,14,0.851201685083655,"C. septentrionalis"
2024,"7/25/24","Emerald Lake",85,170,"Control",1.18,0.88,0.3,1.94164387558788,13,0.756991115609968,"C. septentrionalis"
2024,"7/25/24","Emerald Lake",86,171,"Castilleja",1.145,0.965,0.18,2.17168384803356,16,0.78326937948417,"C. septentrionalis"
2024,"7/25/24","Emerald Lake",86,172,"Control",1,0.6,0.4,2.20809101572914,14,0.836696873141083,"C. septentrionalis"
2024,"7/26/24","Emerald Lake",87,173,"Castilleja",1.325,1.025,0.3,2.40595394034076,18,0.832402937015962,"C. septentrionalis"
2024,"7/26/24","Emerald Lake",87,174,"Control",1.05,0.87,0.18,2.300475648588,17,0.811966967970894,"C. septentrionalis"
2024,"7/26/24","Emerald Lake",88,175,"Castilleja",1,0.78,0.22,2.1808385047374,13,0.850246223533911,"C. septentrionalis"
2024,"7/26/24","Emerald Lake",88,176,"Control",1.005,0.605,0.4,2.23941321541639,13,0.873082818926563,"C. septentrionalis"
2024,"7/26/24","Emerald Lake",89,177,"Castilleja",1.14,0.84,0.3,2.30870133252788,14,0.874820454493295,"C. septentrionalis"
2024,"7/26/24","Emerald Lake",89,178,"Control",1.005,0.855,0.15,2.25493872783663,16,0.813297230039593,"C. septentrionalis"
2024,"7/26/24","Emerald Lake",90,179,"Castilleja",1.035,0.865,0.17,2.22541204661636,15,0.821776511273902,"C. septentrionalis"
2024,"7/26/24","Emerald Lake",90,180,"Control",1.015,0.665,0.35,2.26432697368776,16,0.81668332397261,"C. septentrionalis"
2024,"7/26/24","Emerald Lake",91,181,"Castilleja",1.05,0.8,0.25,2.04975317328064,13,0.799139822124688,"C. septentrionalis"
2024,"7/26/24","Emerald Lake",91,182,"Control",1.005,0.835,0.17,2.15313588244994,15,0.795087137444345,"C. septentrionalis"
2024,"7/26/24","Emerald Lake",92,183,"Castilleja",1.11,0.88,0.23,2.28886133045958,15,0.845206388540355,"C. septentrionalis"
2024,"7/26/24","Emerald Lake",92,184,"Control",1.085,0.485,0.6,2.2576107580378,15,0.833666509254122,"C. septentrionalis"
2024,"7/26/24","Emerald Lake",93,185,"Castilleja",1,0.82,0.18,2.37683853152695,15,0.877693674422854,"C. septentrionalis"
2024,"7/26/24","Emerald Lake",93,186,"Control",1,0.67,0.33,2.41158791319417,16,0.869796480758248,"C. septentrionalis"
2024,"7/27/24","Emerald Lake",94,187,"Castilleja",1.155,0.805,0.35,2.18808862426476,13,0.85307283666226,"C. septentrionalis"
2024,"7/27/24","Emerald Lake",94,188,"Control",1.09,0.54,0.55,1.98965260436894,12,0.800695110433499,"C. septentrionalis"
2024,"7/27/24","Emerald Lake",95,189,"Castilleja",1,0.69,0.31,2.09762560387775,11,0.874777821897867,"C. septentrionalis"
2024,"7/27/24","Emerald Lake",95,190,"Control",1.06,0.21,0.85,1.63278297588122,6,0.911273529691278,"C. septentrionalis"
2024,"7/27/24","Emerald Lake",96,191,"Castilleja",1.1,0.75,0.35,2.06320613361452,12,0.830295228108685,"C. septentrionalis"
2024,"7/27/24","Emerald Lake",96,192,"Control",1.03,0.63,0.4,1.91675929671225,9,0.872354749934582,"C. septentrionalis"
2024,"7/27/24","Emerald Lake",97,193,"Castilleja",1.02,0.87,0.15,1.91324716492884,11,0.797886040575932,"C. septentrionalis"
2024,"7/27/24","Emerald Lake",97,194,"Control",1,0.83,0.17,2.33317162373525,14,0.88409281509447,"C. septentrionalis"
2024,"7/27/24","Emerald Lake",98,195,"Castilleja",1.055,0.855,0.2,1.99297736486251,14,0.755185324129756,"C. septentrionalis"
2024,"7/27/24","Emerald Lake",98,196,"Control",1.02,0.52,0.5,2.19859736721941,13,0.857169893364016,"C. septentrionalis"
2024,"7/27/24","Emerald Lake",99,197,"Castilleja",1.05,0.9,0.15,2.24288605730016,16,0.808950148036483,"C. septentrionalis"
2024,"7/27/24","Emerald Lake",99,198,"Control",1.065,0.835,0.23,2.0840067233602,14,0.789678458278896,"C. septentrionalis"
2024,"7/27/24","Emerald Lake",100,199,"Castilleja",1.06,0.88,0.18,2.15565473500189,15,0.796017272547058,"C. septentrionalis"
2024,"7/27/24","Emerald Lake",100,200,"Control",1,0.55,0.45,1.89459731157733,9,0.862268395829715,"C. septentrionalis"
2023,"7/7/23","Deer Creek 1",1,1,"Castilleja",1.03,0.88,0.15,1.01993708209634,8,0.490486056786385,"C. linariifolia"
2023,"7/7/23","Deer Creek 1",1,2,"Control",1.25,0.85,0.4,1.16121481124145,7,0.596746366632185,"C. linariifolia"
2023,"7/7/23","Deer Creek 1",2,3,"Castilleja",1.385,1.185,0.2,1.4144950913857,10,0.614307412868046,"C. linariifolia"
2023,"7/7/23","Deer Creek 1",2,4,"Control",1.225,0.475,0.75,1.2935168675188,8,0.622050123358532,"C. linariifolia"
2023,"7/11/23","Deer Creek 1",3,5,"Castilleja",1.175,0.875,0.3,1.49084870621582,9,0.678514486681757,"C. linariifolia"
2023,"7/11/23","Deer Creek 1",3,6,"Control",1.02,0.82,0.2,1.1441192331192,6,0.638545102045491,"C. linariifolia"
2023,"7/11/23","Deer Creek 1",4,7,"Castilleja",1.04,0.84,0.2,0.943037640050419,5,0.585942230367978,"C. linariifolia"
2023,"7/11/23","Deer Creek 1",4,8,"Control",1.1,0.35,0.75,1.70921429681692,7,0.878362393888896,"C. linariifolia"
2023,"7/11/23","Deer Creek 1",5,9,"Castilleja",1.06,0.91,0.15,1.12016925768742,7,0.575653124699122,"C. linariifolia"
2023,"7/11/23","Deer Creek 1",5,10,"Control",1.105,0.355,0.75,1.11105230104857,5,0.690335608764317,"C. linariifolia"
2023,"7/11/23","Deer Creek 1",6,11,"Castilleja",1.105,0.655,0.45,1.48971756367987,8,0.716402713815377,"C. linariifolia"
2023,"7/11/23","Deer Creek 1",6,12,"Control",1.08,0.68,0.4,1.40442984322236,7,0.721734168406579,"C. linariifolia"
2023,"7/11/23","Deer Creek 1",7,13,"Castilleja",1.085,1.005,0.08,0.77197428404936,7,0.396716304925041,"C. linariifolia"
2023,"7/11/23","Deer Creek 1",7,14,"Control",1.21,0.51,0.7,1.27379312966633,6,0.71091748169475,"C. linariifolia"
2023,"7/11/23","Deer Creek 1",8,15,"Castilleja",1.17,0.67,0.5,1.24410540426182,6,0.694348446668357,"C. linariifolia"
2023,"7/11/23","Deer Creek 1",8,16,"Control",1.17,0.47,0.7,1.63160055926407,7,0.838476822815363,"C. linariifolia"
2023,"7/11/23","Deer Creek 1",9,17,"Castilleja",1.02,0.99,0.03,1.97803569880621,9,0.90024284236082,"C. linariifolia"
2023,"7/11/23","Deer Creek 1",9,18,"Control",1.29,0.89,0.4,1.82211222962743,11,0.759879820564894,"C. linariifolia"
2023,"7/13/23","Deer Creek 1",10,19,"Castilleja",1.225,0.925,0.3,1.67112670167996,10,0.72576110510079,"C. linariifolia"
2023,"7/13/23","Deer Creek 1",10,20,"Control",1.495,0.995,0.5,1.7919360798221,11,0.747295388647598,"C. linariifolia"
2023,"7/13/23","Deer Creek 1",11,21,"Castilleja",1.07,0.37,0.7,0.800264633496709,5,0.49723237368405,"C. linariifolia"
2023,"7/13/23","Deer Creek 1",11,22,"Control",1.15,0.75,0.4,1.67915513805875,8,0.807502930186858,"C. linariifolia"
2023,"7/13/23","Deer Creek 1",12,23,"Castilleja",1.265,0.765,0.5,1.37985776034,10,0.59926461112704,"C. linariifolia"
2023,"7/13/23","Deer Creek 1",12,24,"Control",1.095,0.145,0.95,1.96834973988908,9,0.895834572483888,"C. linariifolia"
2023,"7/13/23","Deer Creek 1",13,25,"Castilleja",1.245,0.395,0.85,1.87562030260328,9,0.853631586843604,"C. linariifolia"
2023,"7/13/23","Deer Creek 1",13,26,"Control",1.125,0.325,0.8,1.52777420994353,6,0.852667021540419,"C. linariifolia"
2023,"7/13/23","Deer Creek 1",14,27,"Castilleja",1.095,0.695,0.4,1.31652090222988,5,0.818000428633361,"C. linariifolia"
2023,"7/13/23","Deer Creek 1",14,28,"Control",1.22,0.87,0.35,1.59340266952163,7,0.818846990594699,"C. linariifolia"
2023,"7/13/23","Deer Creek 1",15,29,"Castilleja",1.065,0.265,0.8,0.466045447841492,4,0.336180728214899,"C. linariifolia"
2023,"7/13/23","Deer Creek 1",15,30,"Control",1.155,0.355,0.8,1.22769956916199,6,0.685192175761695,"C. linariifolia"
2023,"7/13/23","Deer Creek 1",16,31,"Castilleja",1.16,0.76,0.4,1.17618937679494,4,0.848441290524172,"C. linariifolia"
2023,"7/13/23","Deer Creek 1",16,32,"Control",1.005,0.395,0.61,1.59453078835777,8,0.766807220302844,"C. linariifolia"
2023,"7/13/23","Deer Creek 1",17,33,"Castilleja",1.135,0.335,0.8,1.57500492801489,6,0.879026987195691,"C. linariifolia"
2023,"7/13/23","Deer Creek 1",17,34,"Control",1.07,0.27,0.8,0.315396287422662,3,0.287086072744579,"C. linariifolia"
2023,"7/13/23","Deer Creek 1",18,35,"Castilleja",1.11,0.81,0.3,1.30453409420808,7,0.670397908578359,"C. linariifolia"
2023,"7/13/23","Deer Creek 1",18,36,"Control",1.04,0.96,0.08,0.914177707070305,4,0.659439822240786,"C. linariifolia"
2023,"7/13/23","Deer Creek 1",19,37,"Castilleja",1.225,0.575,0.65,1.40611639538693,7,0.722600884768274,"C. linariifolia"
2023,"7/13/23","Deer Creek 1",19,38,"Control",1.115,0.265,0.85,1.64683846310878,7,0.84630755634235,"C. linariifolia"
2023,"7/13/23","Deer Creek 1",20,39,"Castilleja",1.06,0.96,0.1,1.63370586772299,6,0.911788605435325,"C. linariifolia"
2023,"7/13/23","Deer Creek 1",20,40,"Control",1.065,0.215,0.85,1.48562020174593,7,0.763457759068247,"C. linariifolia"
2023,"7/14/23","Deer Creek 2",21,41,"Castilleja",1.07,0.72,0.35,1.72470423138217,7,0.886322645585394,"C. linariifolia"
2023,"7/14/23","Deer Creek 2",21,42,"Control",1,0.17,0.83,1.65183903988532,7,0.848877344458705,"C. linariifolia"
2023,"7/14/23","Deer Creek 2",22,43,"Castilleja",1.13,0.73,0.4,1.38209423549276,6,0.771361479723729,"C. linariifolia"
2023,"7/14/23","Deer Creek 2",22,44,"Control",1.33,0.53,0.8,2.00290114006228,10,0.869848912926781,"C. linariifolia"
2023,"7/14/23","Deer Creek 2",23,45,"Castilleja",1.285,0.635,0.65,1.62114296807659,8,0.779604973538702,"C. linariifolia"
2023,"7/14/23","Deer Creek 2",23,46,"Control",1.085,0.385,0.7,1.29634363420515,7,0.666188844759603,"C. linariifolia"
2023,"7/14/23","Deer Creek 2",24,47,"Castilleja",1.155,0.655,0.5,1.4293189518611,7,0.73452464007909,"C. linariifolia"
2023,"7/14/23","Deer Creek 2",24,48,"Control",1.01,0.71,0.3,1.82185696907956,8,0.876128004833361,"C. linariifolia"
2023,"7/14/23","Deer Creek 2",25,49,"Castilleja",1.195,0.695,0.5,1.66382418462635,9,0.75723901952866,"C. linariifolia"
2023,"7/14/23","Deer Creek 2",25,50,"Control",1.07,0.82,0.25,1.38793003532324,5,0.862369417670884,"C. linariifolia"
2023,"7/14/23","Deer Creek 2",26,51,"Castilleja",1.2,0.65,0.55,1.69691895959536,8,0.816045522599561,"C. linariifolia"
2023,"7/14/23","Deer Creek 2",26,52,"Control",1.14,0.34,0.8,1.57489078344935,6,0.878963281900704,"C. linariifolia"
2023,"7/18/23","Deer Creek 2",27,53,"Castilleja",1.21,0.91,0.3,1.97485741977327,9,0.898796345236347,"C. linariifolia"
2023,"7/18/23","Deer Creek 2",27,54,"Control",1.105,0.305,0.8,1.40660630828221,6,0.785041928026319,"C. linariifolia"
2023,"7/18/23","Deer Creek 2",28,55,"Castilleja",1.085,0.385,0.7,1.11075266965029,5,0.690149437309077,"C. linariifolia"
2023,"7/18/23","Deer Creek 2",28,56,"Control",1.145,0.545,0.6,1.60546620692078,9,0.730679159281548,"C. linariifolia"
2023,"7/18/23","Deer Creek 2",29,57,"Castilleja",1.145,0.395,0.75,1.52840727359418,6,0.853020341091134,"C. linariifolia"
2023,"7/18/23","Deer Creek 2",29,58,"Control",1.04,0.59,0.45,1.76294173523797,9,0.802349360835594,"C. linariifolia"
2023,"7/18/23","Deer Creek 2",30,59,"Castilleja",1.17,0.52,0.65,1.67754046723691,8,0.80672643765775,"C. linariifolia"
2023,"7/18/23","Deer Creek 2",30,60,"Control",1.2,0.9,0.3,1.65222315479664,7,0.849074740474912,"C. linariifolia"
2023,"7/18/23","Deer Creek 2",31,61,"Castilleja",1.145,0.245,0.9,1.93923273465034,8,0.932573816469862,"C. linariifolia"
2023,"7/18/23","Deer Creek 2",31,62,"Control",1.105,0.155,0.95,0.996355149181521,4,0.718718316344182,"C. linariifolia"
2023,"7/18/23","Deer Creek 2",32,63,"Castilleja",1.14,0.44,0.7,1.55597509154722,7,0.799613020314737,"C. linariifolia"
2023,"7/18/23","Deer Creek 2",32,64,"Control",1.19,0.79,0.4,1.40171615979436,5,0.870935218416982,"C. linariifolia"
2023,"7/18/23","Deer Creek 2",33,65,"Castilleja",1.15,0.35,0.8,1.84195911217158,7,0.946579734457833,"C. linariifolia"
2023,"7/18/23","Deer Creek 2",33,66,"Control",1.155,0.505,0.65,1.65625712541242,7,0.851147791287528,"C. linariifolia"
2023,"7/18/23","Deer Creek 2",34,67,"Castilleja",1.32,0.62,0.7,1.58268283372346,6,0.883312107961305,"C. linariifolia"
2023,"7/18/23","Deer Creek 2",34,68,"Control",1.02,0.82,0.2,0.976172650045874,4,0.70415972063631,"C. linariifolia"
2023,"7/18/23","Deer Creek 2",35,69,"Castilleja",1.23,0.93,0.3,1.83202996341285,8,0.881020180991901,"C. linariifolia"
2023,"7/18/23","Deer Creek 2",35,70,"Control",1.075,0.125,0.95,0.778997749297193,3,0.709074308864324,"C. linariifolia"
2023,"7/18/23","Deer Creek 2",36,71,"Castilleja",1.06,0.36,0.7,0.687092027379972,3,0.625418115623811,"C. linariifolia"
2023,"7/18/23","Deer Creek 2",36,72,"Control",1.13,0.23,0.9,1.12287813086918,5,0.697683409962022,"C. linariifolia"
2023,"7/18/23","Deer Creek 2",37,73,"Castilleja",1.32,0.92,0.4,1.44487214664886,5,0.897749540685077,"C. linariifolia"
2023,"7/18/23","Deer Creek 2",37,74,"Control",1.185,0.435,0.75,1.73074040007567,8,0.832310197418451,"C. linariifolia"
2023,"7/18/23","Deer Creek 2",38,75,"Castilleja",1.045,0.595,0.45,2.0924696039498,11,0.872627602917732,"C. linariifolia"
2023,"7/18/23","Deer Creek 2",38,76,"Control",1.175,0.475,0.7,1.16894818829902,5,0.726308346080351,"C. linariifolia"
2023,"7/18/23","Deer Creek 2",39,77,"Castilleja",1.2,0.4,0.8,1.69157947067945,8,0.813477771206273,"C. linariifolia"
2023,"7/18/23","Deer Creek 2",39,78,"Control",1.19,0.54,0.65,1.99640989916284,9,0.908605301322074,"C. linariifolia"
2023,"7/18/23","Deer Creek 2",40,79,"Castilleja",1.075,0.425,0.65,1.92253744006572,8,0.92454507690206,"C. linariifolia"
2023,"7/18/23","Deer Creek 2",40,80,"Control",1.51,0.71,0.8,1.9820520246969,9,0.902070751047131,"C. linariifolia"
2024,"7/5/24","Deer Creek 1",41,81,"Castilleja",1,0.25,0.75,1.62522450341299,7,0.835200178282639,"C. linariifolia"
2024,"7/5/24","Deer Creek 1",41,82,"Control",1,0.35,0.65,2.2616874953548,13,0.881766920183226,"C. linariifolia"
2024,"7/5/24","Deer Creek 1",42,83,"Castilleja",1,0.8,0.2,1.71734321924331,11,0.716187749617252,"C. linariifolia"
2024,"7/5/24","Deer Creek 1",42,84,"Control",1.025,0.725,0.3,2.11471634674835,14,0.801315046481635,"C. linariifolia"
2024,"7/5/24","Deer Creek 1",43,85,"Castilleja",1.005,0.755,0.25,2.20757862247215,14,0.836502715457868,"C. linariifolia"
2024,"7/5/24","Deer Creek 1",43,86,"Control",1.015,0.315,0.7,1.72013128727853,10,0.747043526214204,"C. linariifolia"
2024,"7/5/24","Deer Creek 1",44,87,"Castilleja",1.045,0.895,0.15,1.59265478239056,9,0.724848428703359,"C. linariifolia"
2024,"7/5/24","Deer Creek 1",44,88,"Control",1,0.7,0.3,2.00257142450454,11,0.835137150158989,"C. linariifolia"
2024,"7/5/24","Deer Creek 1",45,89,"Castilleja",1.205,1.055,0.15,1.73008713008817,10,0.751367293809128,"C. linariifolia"
2024,"7/5/24","Deer Creek 1",45,90,"Control",1,0.2,0.8,1.43056229033624,5,0.888858327049518,"C. linariifolia"
2024,"7/5/24","Deer Creek 1",46,91,"Castilleja",1.13,0.38,0.75,1.65713123906101,9,0.754192928731031,"C. linariifolia"
2024,"7/5/24","Deer Creek 1",46,92,"Control",1.09,0.44,0.65,1.24576643360782,7,0.640197305210936,"C. linariifolia"
2024,"7/5/24","Deer Creek 1",47,93,"Castilleja",1.025,0.775,0.25,1.33459267337654,8,0.641803410495693,"C. linariifolia"
2024,"7/5/24","Deer Creek 1",47,94,"Control",1.34,1.14,0.2,1.68462327281035,10,0.731622591467333,"C. linariifolia"
2024,"7/5/24","Deer Creek 1",48,95,"Castilleja",1.155,0.955,0.2,1.71079528200425,13,0.66698988696501,"C. linariifolia"
2024,"7/5/24","Deer Creek 1",48,96,"Control",1.255,0.705,0.55,1.92279414829653,10,0.835058888441045,"C. linariifolia"
2024,"7/5/24","Deer Creek 1",49,97,"Castilleja",1.1,0.3,0.8,0.940447988655326,4,0.67838982472352,"C. linariifolia"
2024,"7/5/24","Deer Creek 1",49,98,"Control",1.22,0.82,0.4,1.30791600942766,8,0.628974646900189,"C. linariifolia"
2024,"7/5/24","Deer Creek 1",50,99,"Castilleja",1.03,0.48,0.55,1.55908419200612,5,0.968713474413048,"C. linariifolia"
2024,"7/5/24","Deer Creek 1",50,100,"Control",1.105,0.255,0.85,1.41448793909585,5,0.878870771073482,"C. linariifolia"
2024,"7/8/24","Deer Creek 1",51,101,"Castilleja",1.245,0.945,0.3,2.08428783653821,12,0.838779129475963,"C. linariifolia"
2024,"7/8/24","Deer Creek 1",51,102,"Control",1.055,0.885,0.17,1.18618320428574,13,0.462458722951035,"C. linariifolia"
2024,"7/8/24","Deer Creek 1",52,103,"Castilleja",1.015,0.765,0.25,1.90459526780279,10,0.827155215065798,"C. linariifolia"
2024,"7/8/24","Deer Creek 1",52,104,"Control",1.1,0.75,0.35,1.38210099589341,7,0.710259410777204,"C. linariifolia"
2024,"7/8/24","Deer Creek 1",53,105,"Castilleja",1.22,1.14,0.08,1.96038562744203,12,0.78891721248735,"C. linariifolia"
2024,"7/8/24","Deer Creek 1",53,106,"Control",1.04,0.64,0.4,2.0845401072219,11,0.869320745934506,"C. linariifolia"
2024,"7/8/24","Deer Creek 1",54,107,"Castilleja",1.045,0.795,0.25,1.88024357728955,10,0.816579410250883,"C. linariifolia"
2024,"7/8/24","Deer Creek 1",54,108,"Control",1.16,0.61,0.55,1.67452663917119,8,0.805277092722915,"C. linariifolia"
2024,"7/8/24","Deer Creek 1",55,109,"Castilleja",1.16,0.81,0.35,1.97742381463856,10,0.858784251081604,"C. linariifolia"
2024,"7/8/24","Deer Creek 1",55,110,"Control",1.105,0.905,0.2,1.73283608317864,9,0.788647688111803,"C. linariifolia"
2024,"7/8/24","Deer Creek 1",56,111,"Castilleja",1.07,0.37,0.7,2.20996617132649,12,0.889355812024178,"C. linariifolia"
2024,"7/8/24","Deer Creek 1",56,112,"Control",1,0.55,0.45,1.65270076521262,11,0.6892297524253,"C. linariifolia"
2024,"7/8/24","Deer Creek 1",57,113,"Castilleja",1.29,0.89,0.4,1.85437486182344,8,0.891765805700611,"C. linariifolia"
2024,"7/8/24","Deer Creek 1",57,114,"Control",1.13,0.73,0.4,1.88839392539872,12,0.759945620315285,"C. linariifolia"
2024,"7/8/24","Deer Creek 1",58,115,"Castilleja",1,0.35,0.65,1.97803528478128,9,0.900242653929956,"C. linariifolia"
2024,"7/8/24","Deer Creek 1",58,116,"Control",1.095,0.595,0.5,1.43984000587419,7,0.739931392296399,"C. linariifolia"
2024,"7/8/24","Deer Creek 1",59,117,"Castilleja",1.665,1.565,0.1,1.78273688751195,10,0.774232792931818,"C. linariifolia"
2024,"7/8/24","Deer Creek 1",59,118,"Control",1.115,0.565,0.55,1.92429124439433,10,0.835709069015198,"C. linariifolia"
2024,"7/8/24","Deer Creek 1",60,119,"Castilleja",1.205,0.655,0.55,2.13374183288536,15,0.787925508920365,"C. linariifolia"
2024,"7/8/24","Deer Creek 1",60,120,"Control",1.1,0.6,0.5,1.99547688957344,12,0.803038975224152,"C. linariifolia"
2024,"7/9/23","Deer Creek 2",61,121,"Castilleja",1.15,1,0.15,1.5993306939667,9,0.727886766998405,"C. linariifolia"
2024,"7/9/23","Deer Creek 2",61,122,"Control",1.36,1.21,0.15,1.5372239131805,7,0.789976820834602,"C. linariifolia"
2024,"7/9/23","Deer Creek 2",62,123,"Castilleja",1.185,0.535,0.65,2.37400721351293,15,0.876648155394859,"C. linariifolia"
2024,"7/9/23","Deer Creek 2",62,124,"Control",1.625,1.225,0.4,1.78816767473225,10,0.776591353853987,"C. linariifolia"
2024,"7/9/23","Deer Creek 2",63,125,"Castilleja",1.28,0.78,0.5,2.00906161374057,12,0.808505870396369,"C. linariifolia"
2024,"7/9/23","Deer Creek 2",63,126,"Control",1.25,0.65,0.6,1.73609211527872,10,0.753975225741293,"C. linariifolia"
2024,"7/9/23","Deer Creek 2",64,127,"Castilleja",1.125,0.775,0.35,2.23839600995554,13,0.872686239766863,"C. linariifolia"
2024,"7/9/23","Deer Creek 2",64,128,"Control",1.23,1.08,0.15,1.61583467338985,6,0.901814501968841,"C. linariifolia"
2024,"7/9/23","Deer Creek 2",65,129,"Castilleja",1.16,0.71,0.45,1.81622154521102,8,0.873417938810541,"C. linariifolia"
2024,"7/9/23","Deer Creek 2",65,130,"Control",1.035,0.235,0.8,1.37193848679883,6,0.765693448457068,"C. linariifolia"
2024,"7/9/23","Deer Creek 2",66,131,"Castilleja",1.18,0.63,0.55,1.91234845697228,12,0.769585632979585,"C. linariifolia"
2024,"7/9/23","Deer Creek 2",66,132,"Control",1.065,0.165,0.9,1.22911103510867,6,0.68597992990555,"C. linariifolia"
2024,"7/9/23","Deer Creek 2",67,133,"Castilleja",1.125,0.875,0.25,1.8967044398503,11,0.790987188375758,"C. linariifolia"
2024,"7/9/23","Deer Creek 2",67,134,"Control",1.145,0.545,0.6,1.85323151888804,10,0.804848222342259,"C. linariifolia"
2024,"7/9/23","Deer Creek 2",68,135,"Castilleja",1.08,0.53,0.55,1.99126347118358,10,0.864794737550543,"C. linariifolia"
2024,"7/9/23","Deer Creek 2",68,136,"Control",1.005,0.405,0.6,1.81127012182524,11,0.755358310420064,"C. linariifolia"
2024,"7/9/23","Deer Creek 2",69,137,"Castilleja",1.01,0.46,0.55,1.65606952594768,10,0.719221856767213,"C. linariifolia"
2024,"7/9/23","Deer Creek 2",69,138,"Control",1.125,0.625,0.5,1.48679709446989,11,0.620042547869399,"C. linariifolia"
2024,"7/9/23","Deer Creek 2",70,139,"Castilleja",1.17,0.42,0.75,1.6081660280943,8,0.773364384552585,"C. linariifolia"
2024,"7/9/23","Deer Creek 2",70,140,"Control",2.13,1.33,0.8,1.39528784689656,8,0.670991619110101,"C. linariifolia"
2024,"7/12/24","Deer Creek 2",71,141,"Castilleja",1.03,0.58,0.45,1.4823558535512,8,0.712862479583681,"C. linariifolia"
2024,"7/12/24","Deer Creek 2",71,142,"Control",1.07,0.32,0.75,0.556646903582107,3,0.506681847020801,"C. linariifolia"
2024,"7/12/24","Deer Creek 2",72,143,"Castilleja",1.23,0.93,0.3,2.23936841303271,13,0.873065351765444,"C. linariifolia"
2024,"7/12/24","Deer Creek 2",72,144,"Control",1.19,0.64,0.55,1.9779440552154,12,0.795983243629754,"C. linariifolia"
2024,"7/12/24","Deer Creek 2",73,145,"Castilleja",1.215,0.765,0.45,1.86847556371179,10,0.811468626891098,"C. linariifolia"
2024,"7/12/24","Deer Creek 2",73,146,"Control",1.11,0.21,0.9,1.63416412048775,6,0.912044361172987,"C. linariifolia"
2024,"7/12/24","Deer Creek 2",74,147,"Castilleja",1.05,0.5,0.55,2.23540841481148,12,0.899594524004431,"C. linariifolia"
2024,"7/12/24","Deer Creek 2",74,148,"Control",1.12,0.32,0.8,1.54726858728787,9,0.704192281138455,"C. linariifolia"
2024,"7/12/24","Deer Creek 2",75,149,"Castilleja",1.11,0.46,0.65,1.58016565743917,10,0.686257225518854,"C. linariifolia"
2024,"7/12/24","Deer Creek 2",75,150,"Control",1.075,0.525,0.55,1.64917389493867,8,0.79308499993052,"C. linariifolia"
2024,"7/12/24","Deer Creek 2",76,151,"Castilleja",1.245,1.045,0.2,2.14599117731908,12,0.863610380495445,"C. linariifolia"
2024,"7/12/24","Deer Creek 2",76,152,"Control",1.005,0.655,0.35,1.67388905264761,8,0.804970478417678,"C. linariifolia"
2024,"7/12/24","Deer Creek 2",77,153,"Castilleja",1.295,0.995,0.3,2.46651793147652,14,0.9346208222904,"C. linariifolia"
2024,"7/12/24","Deer Creek 2",77,154,"Control",1,0.64,0.36,1.89503389696919,9,0.862467094404439,"C. linariifolia"
2024,"7/12/24","Deer Creek 2",78,155,"Castilleja",1.405,1.205,0.2,2.3052391050816,17,0.813648259111074,"C. linariifolia"
2024,"7/12/24","Deer Creek 2",78,156,"Control",1.36,1.11,0.25,1.92611024959339,10,0.836499052935703,"C. linariifolia"
2024,"7/12/24","Deer Creek 2",79,157,"Castilleja",1.66,1.36,0.3,2.22192539666355,15,0.820488998231715,"C. linariifolia"
2024,"7/12/24","Deer Creek 2",79,158,"Control",1.235,0.935,0.3,1.64709726459725,15,0.608222574281253,"C. linariifolia"
2024,"7/12/24","Deer Creek 2",80,159,"Castilleja",1.375,0.975,0.4,2.08691578865832,13,0.813628457258776,"C. linariifolia"
2024,"7/12/24","Deer Creek 2",80,160,"Control",1.235,0.585,0.65,1.71698302243238,9,0.781432649235128,"C. linariifolia"
2024,"7/16/24","Johnson Hill",81,161,"Castilleja",1.15,0.7,0.45,1.61859728179886,6,0.903356343078906,"C. linariifolia"
2024,"7/16/24","Johnson Hill",81,162,"Control",1.2,0.75,0.45,1.36381691679714,9,0.620699827803015,"C. linariifolia"
2024,"7/16/24","Johnson Hill",82,163,"Castilleja",1.21,0.91,0.3,2.03284797000429,11,0.847763450332815,"C. linariifolia"
2024,"7/16/24","Johnson Hill",82,164,"Control",1.155,0.855,0.3,1.84832878949019,11,0.770812975219375,"C. linariifolia"
2024,"7/16/24","Johnson Hill",83,165,"Castilleja",1.39,1.24,0.15,1.54331569703163,12,0.621075925392731,"C. linariifolia"
2024,"7/16/24","Johnson Hill",83,166,"Control",1.26,1.23,0.03,1.86862276367411,12,0.751989119524281,"C. linariifolia"
2024,"7/16/24","Johnson Hill",84,167,"Castilleja",1.495,0.895,0.6,2.1256097588593,12,0.855408294327936,"C. linariifolia"
2024,"7/16/24","Johnson Hill",84,168,"Control",1.46,1.06,0.4,1.67117753528465,11,0.696935164034236,"C. linariifolia"
2024,"7/16/24","Johnson Hill",85,169,"Castilleja",1,0.63,0.37,1.92728106864997,10,0.837007533191285,"C. linariifolia"
2024,"7/16/24","Johnson Hill",85,170,"Control",1.365,1.115,0.25,1.72395592349306,9,0.784606153269537,"C. linariifolia"
2024,"7/16/24","Johnson Hill",86,171,"Castilleja",1.82,1.77,0.05,1.58565744833507,7,0.81486673426564,"C. linariifolia"
2024,"7/16/24","Johnson Hill",86,172,"Control",1.34,1.04,0.3,1.71413665833119,10,0.744440091941313,"C. linariifolia"
2024,"7/16/24","Johnson Hill",87,173,"Castilleja",1.41,1.21,0.2,1.55318072588688,9,0.706883011371491,"C. linariifolia"
2024,"7/16/24","Johnson Hill",87,174,"Control",1.21,1.01,0.2,2.06967170621189,13,0.806905485362173,"C. linariifolia"
2024,"7/16/24","Johnson Hill",88,175,"Castilleja",1.115,0.565,0.55,1.82613935215147,9,0.831111835807596,"C. linariifolia"
2024,"7/16/24","Johnson Hill",88,176,"Control",1.14,0.74,0.4,1.89354724964885,9,0.861790492050872,"C. linariifolia"
2024,"7/16/24","Johnson Hill",89,177,"Castilleja",1.27,0.92,0.35,1.76270689900965,10,0.765533879452685,"C. linariifolia"
2024,"7/16/24","Johnson Hill",89,178,"Control",1.215,0.865,0.35,1.89738091895238,11,0.791269302073444,"C. linariifolia"
2024,"7/16/24","Johnson Hill",90,179,"Castilleja",1.02,0.62,0.4,1.66590053657371,8,0.801128814243053,"C. linariifolia"
2024,"7/16/24","Johnson Hill",90,180,"Control",1.17,0.37,0.8,1.93146462311442,9,0.87904743240038,"C. linariifolia"
2024,"7/17/24","Johnson Hill",91,181,"Castilleja",1.375,0.975,0.4,1.88438380816877,12,0.758331830424913,"C. linariifolia"
2024,"7/17/24","Johnson Hill",91,182,"Control",1.185,0.585,0.6,1.12127327303459,7,0.576220476355981,"C. linariifolia"
2024,"7/17/24","Johnson Hill",92,183,"Castilleja",1.145,0.495,0.65,2.00727898200253,10,0.871750185524074,"C. linariifolia"
2024,"7/17/24","Johnson Hill",92,184,"Control",1.085,0.235,0.85,1.82160260361563,8,0.876005680902229,"C. linariifolia"
2024,"7/17/24","Johnson Hill",93,185,"Castilleja",1.13,0.93,0.2,1.75533959012311,11,0.732033467030698,"C. linariifolia"
2024,"7/17/24","Johnson Hill",93,186,"Control",1.055,0.805,0.25,1.86665382744981,12,0.751196761298484,"C. linariifolia"
2024,"7/17/24","Johnson Hill",94,187,"Castilleja",1.29,0.94,0.35,1.94309858213207,11,0.810335048479598,"C. linariifolia"
2024,"7/17/24","Johnson Hill",94,188,"Control",1.03,0.83,0.2,2.15175549015393,13,0.838907592422592,"C. linariifolia"
2024,"7/17/24","Johnson Hill",95,189,"Castilleja",1.13,0.88,0.25,2.12758062282907,11,0.887270035086293,"C. linariifolia"
2024,"7/17/24","Johnson Hill",95,190,"Control",1.34,1.04,0.3,2.02756581737126,12,0.815952509742867,"C. linariifolia"
2024,"7/17/24","Johnson Hill",96,191,"Castilleja",1.135,0.685,0.45,2.19073390474033,13,0.854104155455311,"C. linariifolia"
2024,"7/17/24","Johnson Hill",96,192,"Control",1.37,0.82,0.55,1.94307895145369,11,0.810326861850851,"C. linariifolia"
2024,"7/17/24","Johnson Hill",97,193,"Castilleja",1.195,0.745,0.45,1.93825893902802,9,0.88213965883171,"C. linariifolia"
2024,"7/17/24","Johnson Hill",97,194,"Control",1.2,0.55,0.65,1.85086907571618,9,0.842366818033713,"C. linariifolia"
2024,"7/17/24","Johnson Hill",98,195,"Castilleja",1.35,1.05,0.3,1.93130101149291,9,0.878972969542468,"C. linariifolia"
2024,"7/17/24","Johnson Hill",98,196,"Control",1.18,0.88,0.3,1.15359435523027,9,0.525023416872942,"C. linariifolia"
2024,"7/17/24","Johnson Hill",99,197,"Castilleja",1.04,0.79,0.25,2.04437391769292,9,0.930434666888441,"C. linariifolia"
2024,"7/17/24","Johnson Hill",99,198,"Control",1.28,0.93,0.35,1.88013065724598,9,0.855684337704493,"C. linariifolia"
2024,"7/17/24","Johnson Hill",100,199,"Castilleja",1.25,0.6,0.65,1.85328526733762,10,0.804871564997321,"C. linariifolia"
2024,"7/17/24","Johnson Hill",100,200,"Control",1.16,0.91,0.25,1.74846713888756,9,0.795761688141727,"C. linariifolia"
2024,"6/9/2024","Almont",1,1,"Castilleja",1,0.55,0.45,1.64797100023366,14,0.624454414741308,"C. chromosa"
2024,"6/9/2024","Almont",1,2,"Control",1.005,0.285,0.72,1.31675726753685,8,0.633226393309971,"C. chromosa"
2024,"6/9/2024","Almont",2,3,"Castilleja",1.015,0.545,0.47,1.85239720160226,11,0.772509634851773,"C. chromosa"
2024,"6/9/2024","Almont",2,4,"Control",1,0.35,0.65,1.22247581984901,7,0.628228297407506,"C. chromosa"
2024,"6/9/2024","Almont",3,5,"Castilleja",1,0.48,0.52,2.00685633562317,11,0.836924096889832,"C. chromosa"
2024,"6/9/2024","Almont",3,6,"Control",1.005,0.565,0.44,1.81094916802732,9,0.824198485082853,"C. chromosa"
2024,"6/9/2024","Almont",4,7,"Castilleja",1.185,0.685,0.5,1.66569024429184,9,0.758088299882037,"C. chromosa"
2024,"6/9/2024","Almont",4,8,"Control",1.035,0.285,0.75,1.98134213512564,10,0.860485956047472,"C. chromosa"
2024,"6/9/2024","Almont",5,9,"Castilleja",1.0225,0.4725,0.55,1.64459402412889,11,0.685848978804496,"C. chromosa"
2024,"6/9/2024","Almont",5,10,"Control",1.005,0.705,0.3,1.80573600084909,11,0.753050402714952,"C. chromosa"
2024,"6/9/2024","Almont",6,11,"Castilleja",1.035,0.435,0.6,2.52508317686104,14,0.956812551407953,"C. chromosa"
2024,"6/9/2024","Almont",6,12,"Control",1.05,0.9,0.15,1.96689944935651,13,0.76683753760468,"C. chromosa"
2024,"6/9/2024","Almont",7,13,"Castilleja",1.075,0.375,0.7,2.08246546816244,9,0.947770878608636,"C. chromosa"
2024,"6/9/2024","Almont",7,14,"Control",1,0.5,0.5,2.06732246232014,11,0.862140430306428,"C. chromosa"
2024,"6/9/2024","Almont",8,15,"Castilleja",1.085,0.635,0.45,1.25660796691497,9,0.571906931988903,"C. chromosa"
2024,"6/9/2024","Almont",8,16,"Control",1.14,0.99,0.15,1.50282486926405,11,0.626726649121016,"C. chromosa"
2024,"6/9/2024","Almont",9,17,"Castilleja",1.07,0.57,0.5,2.14068163726352,13,0.834590215606477,"C. chromosa"
2024,"6/9/2024","Almont",9,18,"Control",1.005,0.495,0.51,1.52320264433415,12,0.61298183755277,"C. chromosa"
2024,"6/9/2024","Almont",10,19,"Castilleja",1.08,0.58,0.5,1.77425590094624,12,0.71401310028995,"C. chromosa"
2024,"6/9/2024","Almont",10,20,"Control",1.025,0.525,0.5,1.85212732239809,11,0.772397086481863,"C. chromosa"
2024,"6/9/2024","Almont",11,21,"Castilleja",0.98,0.48,0.5,1.7912488475081,11,0.747008790512228,"C. chromosa"
2024,"6/9/2024","Almont",11,22,"Control",1.025,0.575,0.45,2.05418807172474,12,0.82666609303009,"C. chromosa"
2024,"6/9/2024","Almont",12,23,"Castilleja",1.09,0.69,0.4,1.48755612303944,11,0.620359087368917,"C. chromosa"
2024,"6/9/2024","Almont",12,24,"Control",1,0.37,0.63,2.29732128719513,14,0.870508291508033,"C. chromosa"
2024,"6/9/2024","Almont",13,25,"Castilleja",1.005,0.515,0.49,2.05277864011704,11,0.856075185352622,"C. chromosa"
2024,"6/9/2024","Almont",13,26,"Control",1,0.49,0.51,2.01032197190774,10,0.873071739248395,"C. chromosa"
2024,"6/9/2024","Almont",14,27,"Castilleja",1.205,0.505,0.7,1.77478128142045,11,0.740141282045758,"C. chromosa"
2024,"6/9/2024","Almont",14,28,"Control",1.12,0.37,0.75,1.57263264284384,9,0.715735960295147,"C. chromosa"
2024,"6/9/2024","Almont",15,29,"Castilleja",1,0.57,0.43,1.86625961428877,14,0.707169030905763,"C. chromosa"
2024,"6/9/2024","Almont",15,30,"Control",1.06,0.41,0.65,2.04870587878831,14,0.776302149937374,"C. chromosa"
2024,"6/24/2024","Almont",16,31,"Castilleja",1.005,0.685,0.32,1.45552199776205,11,0.606999819497303,"C. chromosa"
2024,"6/24/2024","Almont",16,32,"Control",1,0.65,0.35,1.53490583283995,11,0.640105450080268,"C. chromosa"
2024,"6/24/2024","Almont",17,33,"Castilleja",1,0.38,0.62,2.27575841560383,13,0.887252767382545,"C. chromosa"
2024,"6/24/2024","Almont",17,34,"Control",1.005,0.725,0.28,1.63029788832923,13,0.635606267853448,"C. chromosa"
2024,"6/24/2024","Almont",18,35,"Castilleja",1.09,0.36,0.73,2.1507787522657,14,0.814979927919663,"C. chromosa"
2024,"6/24/2024","Almont",18,36,"Control",1.005,0.485,0.52,1.79616409941008,9,0.817469510370958,"C. chromosa"
2024,"6/24/2024","Almont",19,37,"Castilleja",1.085,0.485,0.6,1.75784987537591,13,0.685335119877613,"C. chromosa"
2024,"6/24/2024","Almont",19,38,"Control",1,0.46,0.54,1.16211013931806,8,0.558856844986982,"C. chromosa"
2024,"6/24/2024","Almont",20,39,"Castilleja",1,0.31,0.69,2.06544260623232,11,0.861356469426591,"C. chromosa"
2024,"6/24/2024","Almont",20,40,"Control",1.015,0.615,0.4,1.86413688364982,10,0.809584362081441,"C. chromosa"
